tiempo,Susceptibles,Expuestos,Asintomáticos (I0),Modedados (I1),Severos (I2),Críticos (I3),Recuperados (R),Muertos (D),Muertes naturales(NR)
2020-01-02,327308,10,1,0,0,0,0,0,0
2020-01-03,327287.999217888,3.6353821118202205,4.583562111820219,0.024390000000000002,0.0,0.0,0.0,0.0,196.3848
2020-01-04,327267.106217211,4.528600716216241,8.87464263940193,0.135588207807295,0.0005948721,0.0,0.0005948721,0.0,196.3848
2020-01-05,327242.596382843,8.146479057230751,16.5612377150589,0.34873374539388796,0.0038873595579009997,1.4508930519e-05,0.003916347675334,0.0,196.384800017429
2020-01-07,327212.013554983,14.220698041018698,29.9237324176832,0.7441567172140171,0.012298162908441003,0.000108569777357,0.012516580607723999,1.4499999999999999e-08,196.38480029310298
2020-01-09,327171.42586506304,24.2270892424875,52.6001738462864,1.45584656854846,0.030148193047954,0.000402895884831,0.030965889304881002,1.2307870787570902e-07,196.38480125470102
2020-01-10,327114.617367755,40.4499260146842,90.324358852256,2.70325671085249,0.064920976426411,0.001117332248519,0.067207753245752,5.25974592706661e-07,196.384803642965
2020-01-11,327031.86894907197,66.39268781420729,152.036438390739,4.84033539208132,0.129269984989063,0.002642854706441,0.134720246650822,1.6433068412252599e-06,196.38480871340698
2020-01-12,326908.134684073,107.382671551785,251.540581705116,8.43044834421859,0.244172870268043,0.005658796909436,0.255922185785236,4.286161547665799e-06,196.384818554827
2020-01-13,326720.337856742,171.451420596653,409.95716935780996,14.3599044968909,0.44383612907769704,0.011320934359427,0.467483401097276,9.94495845710183e-06,196.384836586927
2020-01-14,326433.40337901696,270.598460831853,659.3116496735411,24.008521786848696,0.7832490365686609,0.021559446729126,0.828523260794595,2.12658928165285e-05,196.38486833047799
2020-01-16,325994.513964309,422.56774453915705,1047.7138645266198,39.5035650760051,1.34971343894799,0.039545680201533,1.4331531250147,4.2825339545654706e-05,196.38492258925598
2020-01-17,325324.949224462,653.265014149358,1646.6863462162,64.0938142796055,2.28028588037581,0.070415933829431,2.42949293033816,8.23710197471871e-05,196.38501324980498
2020-01-18,324308.810164997,999.8728120033198,2561.2278717586,102.693246133539,3.78791783803303,0.122383152760756,4.04823575859359,0.00015278695357700002,196.38516200183898
2020-01-19,322778.119510402,1514.4752140865398,3942.9802575306103,162.65690565253402,6.20021879516042,0.20842857385431898,6.645108936072299,0.000275170106337,196.38540242058997
2020-01-20,320494.595118956,2267.3854854711603,6006.040506056539,254.858992204841,10.0161973876118,0.348851141571151,10.7632019459048,0.00048359868019199996,196.385786047394
2020-01-21,317130.526957756,3348.04343144393,9042.850918476619,395.13030932768305,15.987913153204,0.575068729698785,17.2229696599674,0.0008324498217630001,196.386391372952
2020-01-22,312255.73264400003,4858.93778740805,13433.188171289199,606.048214984826,25.2351961958995,0.935213869932439,27.249281957793198,0.0014075185514620002,196.387336982426
2020-01-23,305345.473939777,6894.64591759035,19631.7262778434,918.90215851909,39.4012257241614,1.5022375224105302,42.6449218923932,0.002342732421394,196.388800561544
2020-01-24,295834.10719986,9496.099466220441,28110.509688346,1375.3079387894102,60.85225347502979,2.38538746941151,66.01580918799151,0.003844969943805,196.39104594557202
2020-01-25,283242.259507817,12577.0559866832,39230.879062979,2027.3795094610898,92.9118276398475,3.7459631530025796,101.04045548686199,0.006230357413215999,196.39446078690602
2020-01-26,267380.36382637604,15847.7335684648,53045.6684784003,2934.7728635713897,140.093494399468,5.81796681854987,152.749309175979,0.009976320566218999,196.399607432398
2020-01-27,248559.373979613,18807.6208285723,69104.4627664219,4156.97760761707,208.25572421357103,8.93336010641563,227.73766218142998,0.015794287384769,196.407288739853
2020-01-28,227660.47891321898,20886.4670976948,86409.93660356071,5741.04677064032,304.565050949782,13.549790499270198,334.19431626167005,0.024727647491183998,196.41862821939702
2020-01-30,205959.19344432198,21689.9024449516,103622.076133716,7708.56099366525,437.160840093034,20.2759819482632,481.63007887444,0.038277437990454,196.43515983471298
2020-01-31,184795.881776625,21153.0137080246,119405.39385649099,10047.8916279311,614.5102898386609,29.887633453573297,680.2801528958599,0.058553419938717995,196.458918074428
2020-02-01,165281.605922184,19505.0360603524,132722.8424072,12715.1211072857,844.5904606747349,43.3267622571741,940.3021216626199,0.088441053392291,196.492516090023
2020-02-02,148123.568352113,17149.773489775,142994.918203434,15642.1094297906,1134.11270314558,61.6811307728641,1270.9764716990899,0.131767815649465,196.53920105277803
2020-02-03,133591.278990463,14524.8831832324,150109.804725365,18748.2444357797,1487.96274330845,86.14582340593479,1680.08498069782,0.193448946422329,196.602880701518
2020-02-04,121591.721643519,11992.8777829936,154323.99242749,21952.1528912427,1908.9410137878199,117.973158146332,2173.5620695467396,0.279594769828264,196.68812072167
2020-02-06,111759.002753404,9826.639304032959,156153.56244393,25180.702057531802,2397.7949514789498,158.418860417474,2755.4254717869603,0.397567927974596,196.80011722894298
2020-02-07,103547.217538234,8206.197265032371,156267.882103118,28375.130122356,2953.4700557955703,208.691813937212,3427.9272425631398,0.5559867883920699,196.94465096349097
2020-02-08,96364.3053232577,7177.73485409965,155347.815306634,31494.434343166802,3573.5043448189795,269.91253879984,4191.86040454613,0.7646786023292829,197.128030247579
2020-02-09,89708.8677575294,6650.6193504622,153948.31086790698,34515.218304865804,4254.4958274786895,343.083442009367,5046.957836125879,1.03459114112912,197.35702963000702
2020-02-10,83247.4656052755,6456.916708866,152427.62610759801,37428.1914324784,4992.55484870216,429.07201127664706,5992.29881592196,1.37767458313849,197.63882966717898
2020-02-11,76823.66146451,6419.64176748525,150948.46829018698,40233.0276442045,5783.660024980461,528.605912412137,7026.64120277915,1.80674659441514,197.980960447151
2020-02-13,70424.5502715973,6395.2700098395,149521.588673229,42933.37724156,6623.88010121334,642.277022040214,8148.636882970441,2.3353525068272702,198.391249594771
2020-02-14,64125.5613360532,6295.46770803045,148068.847656213,45533.06371837849,7509.4687364663905,770.5506624266831,9356.93095771653,2.97762952886749,198.87777520047
2020-02-15,58026.61223483,6095.74282315646,146491.662793824,48033.911488622194,8436.86421807523,913.7766695821471,10650.1704777423,3.74818019129417,199.448823488471
2020-02-16,52197.0921091217,5826.6187950965605,144727.083622945,50435.296042956106,9402.63620100387,1072.19988084326,12026.9601887048,4.66195686087632,200.112849486236
2020-02-17,46649.4092924683,5545.072962047901,142772.399111652,52735.072742032,10403.4227745491,1245.96877996044,13485.8060081255,5.73415674171957,200.87843825938202
2020-02-18,41348.7639829457,5298.3128390579905,140672.246228744,54931.0831321871,11435.891717256001,1435.14215925414,15025.0796234745,6.98012552168002,201.754265797959
2020-02-19,36247.7836115556,5098.91293319094,138481.523362362,57022.3101001121,12496.7394358662,1639.6944915454699,16643.0188860713,8.415267680934159,202.749061338442
2020-02-20,31324.2192579577,4921.75196441734,136227.162786141,59009.1003115784,13582.718104367099,1859.52099783436,18337.756353309498,10.0549621724796,203.871574418852
2020-02-21,26603.168592552098,4719.48445444266,133887.355665006,60892.4488553329,14690.667566401002,2094.4431142921,20107.3539166567,11.914483170314,205.13054891888902
2020-02-22,22155.9574842788,4445.88094984375,131395.193844289,62672.7946324209,15817.529012038101,2344.214454054,21949.820758487,14.0089262846061,206.53470336866297
2020-02-23,18078.7717964602,4076.0778899442894,128662.37278922199,64348.9339491984,16960.3289405192,2608.5267936485297,23863.102261137403,16.353140738660098,208.092713750517
2020-02-24,14461.9545321652,3615.91332570519,125611.00195699,65917.5387225065,18116.1370166809,2887.0153580609303,25845.0420279046,18.961667532308603,209.8131935134
2020-02-25,11363.4728449761,3097.7585894625104,122199.598425041,67373.46229079559,19282.013204286002,3179.2628040430604,27893.3311270819,21.848682890369503,211.704666244445
2020-02-27,8796.247167828142,2566.65750350573,118433.872738161,68710.67175110981,20454.9636475059,3484.80170759008,30005.4635078506,25.027945694412605,213.775529022139
2020-03-01,6731.024215913679,2064.7831395560697,114361.412592426,69923.420623184,21631.9203681528,3803.1158464654295,32178.7130820475,28.5127474020027,216.03400776926497
2020-03-02,5109.44093676985,1621.2467279330301,110056.45091982,71007.2632473138,22809.750059372996,4133.64092108084,34410.1389131721,32.315863248468105,218.48810856468003
2020-03-03,3859.6770122391,1249.5084524839199,105602.83408563801,71959.6729346463,23985.2874060269,4475.76545249854,36696.6153607765,36.449504169548895,221.14556993237701
2020-03-04,2909.2018393332696,950.282189055213,101080.777412376,72780.2296351189,25155.382669069902,4828.83244658306,39034.8781127175,40.9252696220475,224.013820530126
2020-03-06,2192.60730253603,716.4490767052749,96559.2206035718,73470.4799954062,26316.952686571898,5192.14213249974,41421.575952911,45.7541020686305,227.09994505201098
2020-03-07,1655.0217664897,537.475905681206,92092.9976975759,74033.61437883941,27467.027217634302,5564.955803219089,43853.3203572268,50.9462442011303,230.410659375409
2020-03-08,1252.56474535695,402.374270044422,87723.1128269319,74474.0827379834,28602.7862784961,5946.50058733438,46326.728339747,56.51120000434939,233.952294597174
2020-03-09,951.245256948749,301.256860170934,83478.5579804113,74797.2265818528,29721.587199143,6335.97488423124,48838.456838641905,62.457700591683796,237.730788800645
2020-03-10,725.2762763709261,225.921418314976,79378.6205241814,75008.9642546637,30820.9820436873,6732.554177517471,51385.228783918494,68.79367547591501,241.751685092115
2020-03-11,555.3503164414959,169.889696115611,75435.1101047339,75115.5401710772,31898.726929812998,7135.3969720840505,53963.851912696104,75.52622965343251,246.020134465589
2020-03-13,427.122599847535,128.19994907813802,71654.2626481847,75123.3344817591,32952.7850047675,7543.6506508088005,56571.2316946911,82.6616266255165,250.540902236216
2020-03-14,329.97688967472,97.12435404282301,68038.2631117986,75038.72381973821,33981.324706511296,7956.45710035016,59204.3796873828,90.2052772763253,255.318377016719
2020-03-15,256.065693020359,73.8946978098774,64586.4150151551,74867.9825830716,34982.7146708829,8372.95800300183,61860.4184519537,98.1617343766755,260.356581438266
2020-03-16,199.584043383839,56.4688463518692,61296.015835421604,74617.2151500901,35955.5163552612,8792.299730109109,64536.583937055,106.534692379677,265.659184012271
2020-03-17,156.229139220182,43.3449249614871,58163.0012197916,74292.31109880531,36898.4751888671,9213.63780199967,67230.2260292737,115.32699210978599,271.229511686102
2020-03-18,122.802231539876,33.4190962233449,55182.4135928053,73898.9172308562,37810.510846710495,9636.14090095652,69938.8077955285,124.540629911786,277.070562766485
2020-03-19,96.91687642616631,25.879215002133,52348.7401354283,73442.4217071241,38690.7070784198,10058.9944390202,72659.9038059506,134.176770812743,283.18501997517996
2020-03-20,76.78561431241309,20.126416269931802,49656.154837880305,72927.9468135905,39538.3013982139,10481.4036928329,75391.1978218397,144.235765251763,289.575263468885
2020-03-21,61.064010853989494,15.7177641777081,47098.690658359104,72360.3478073029,40352.6748498949,10902.5965245727,78130.4800558346,154.717168944596,296.243383704631
2020-03-22,48.73647850861529,12.3244791448315,44670.360987587694,71744.2159894402,41133.341993326096,11321.8257122583,80875.6441544408,165.619765469168,303.19119406805
2020-03-23,39.032485166332606,9.70155651835729,42365.2444377293,71083.884665945,41879.941210091296,11738.370915066298,83624.68401143281,176.94159118142701,310.420243208018
2020-03-24,31.364871365162,7.66566217691227,40177.5431331431,70383.4370307788,42592.2253909796,12151.5403003617,86375.6904903487,188.679962096493,317.931827040256
2020-03-25,25.2842795637995,6.07902355779425,38101.6218715414,69646.71527861549,43270.0530428743,12560.6718592829,89126.8481122909,200.831502396855,325.727000396212
2020-03-27,20.4453553317979,4.8376600180233895,36132.0334861761,68877.3304504169,43913.379834804,12965.134437250601,91876.4317492464,213.392174256137,333.806588303549
2020-03-28,16.58157670326,3.86275636077136,34263.5342672832,68078.6726574591,44522.2505903188,13364.3285048831,94622.80335151551,226.35730869338798,342.171196891767
2020-03-29,13.486430219700802,3.09431740472404,32491.0922389574,67253.92143212269,45096.79172453639,13757.686693658,97364.4087293612,239.721637198271,350.821223921693
2020-03-30,10.9992735333399,2.4864823648498597,30809.8903214994,66406.05602810139,45637.204118104404,14144.674119353998,100099.774402816,253.47932389192903,359.75686894127404
2020-03-31,8.994672685656699,2.0040508840065603,29215.3258559233,65537.86554651741,46143.7564161892,14524.7885149297,102827.504529061,267.623998011283,368.97814307280504
2020-04-01,7.37432622056915,1.61989673145327,27703.0075668008,64651.9588034638,46616.7787378779,14897.560193076899,105546.277913505,282.148786526213,378.48487843854105
2020-04-03,6.060923199122519,1.3130343051356002,26268.7507489944,63750.7738828016,47056.6567796776,15262.551857288501,108254.84510824301,297.04634671929,388.276737232957
2020-04-04,4.99345302471382,1.06716712824875,24908.571252309703,62836.587338567995,47463.8262958228,15619.3582789001,110952.02559984599,312.308898576578,398.353220450776
2020-04-05,4.12360968012393,0.8695936719386558,23618.678683687,61911.5230262242,47838.767937655306,15967.6058562426,113636.70508710801,327.92825685547797,408.713676280417
2020-04-06,3.41302433085648,0.7103791687834391,22395.4691334671,60977.5605527097,48182.0024342655,16306.952070771598,116307.832848463,343.89586271172095,419.357308172863
2020-04-07,2.8311274396926005,0.581726239947335,21235.5176492108,60036.5433429944,48494.0860967744,16637.084853835902,118964.41919807301,360.202814782492,430.283182596061
2020-04-08,2.35349115347431,0.47749472984631003,20135.5706193585,59090.186326323,48775.6066290097,16957.7218766105,121605.53302914901,376.83989963632797,441.49023648500605
2020-04-10,1.96053950921745,0.39283396969918,19092.5381838331,58140.0832492301,49027.1792278272,17268.609774646102,124230.299442678,393.797621512939,452.97728439761704
2020-04-11,1.63654139017299,0.323900092069007,18103.4867552389,57187.713625085096,49249.4429569092,17569.5233174906,126837.897459521,411.06623128758497,464.74302538631105
2020-04-12,1.3688216282091699,0.267637934894308,17165.6317095173,56234.449331729506,49443.057378506,17860.2645328973,129427.557813683,428.635754605076,476.786049595095
2020-04-14,1.14714100492627,0.22161218220149398,16276.3302865123,55281.5608699238,49608.6994282451,18140.6617942643,131998.560824455,446.496019137973,489.104844591689
2020-04-15,0.963207470832538,0.183876177043482,15433.0747272423,54330.2232959944,49747.060518807695,18410.5688791404,134550.234345086,464.636680932237,501.69780144402
2020-04-16,0.810289647975145,0.15286966248385098,14633.4856645391,53381.5218424025,49858.843858943204,18669.864005877098,137081.95178561198,483.04724981137804,514.563220550152
2020-04-17,0.6829103193208089,0.127338814171937,13875.3057762169,52436.45724002441,49944.7619749598,18918.4488548121,139593.130207479,501.71711381725504,527.699317230448
2020-04-18,0.576602664520181,0.10627350928466302,13156.3937044026,51495.950755822196,50005.534422474695,19156.247579725,142083.228487622,520.6355626720671,541.104227090515
2020-04-19,0.487715867064687,0.088857967322267,12474.7182406078,50560.848959338,50041.8856768451,19383.2058147079,144551.745549696,539.791810251792,554.7760111631981
2020-04-20,0.413259683078149,0.07443179819318499,11828.3527731777,49631.928231108206,50054.5431913051,19599.2896810479,146998.218660195,559.1750160665,568.712660837638
2020-04-21,0.350779844425693,0.062459175668302,11215.4699916473,48709.899025689294,50044.235612425895,19804.484798212,149422.221787255,578.7743057475479,582.9121025831311
2020-04-22,0.298257931506232,0.052504373927239,10634.336841054,47795.40990154901,50011.6911430754,19998.7953025557,151823.364019989,598.5787905457589,597.3722024752901
2020-04-24,0.25403071676307604,0.04421230184658099,10083.3097182525,46889.0513296035,49957.6360435945,20182.242876956898,154201.288046266,618.5775858483149,612.090770531728
2020-04-25,0.216725041334006,0.037292973893233,9560.829901626508,45991.3592917027,49882.7932624203,20354.8657941762,156555.668686896,638.759828725272,627.0655648642701
2020-04-26,0.18520511467445103,0.031509090407488,9065.41920521463,45102.8186798787,49787.881187874504,20516.7179763925,158886.211484257,659.114694519448,642.2942956544271
2020-04-27,0.158529773911059,0.026666080507657997,8595.67584808091,44223.8665066917,49673.6125133045,20667.8680730281,161192.651343457,679.631412495841,657.774628958652
2020-04-28,0.135917746942821,0.022604100479543,8150.270529733841,43354.8949365281,49540.6932082032,20808.398558683202,163474.75122418802,700.299280568869,673.504190349673
2020-04-29,0.116719362165453,0.01919158889002,7727.94270247192,42496.2541472464,49389.821588357,20938.4048527203,165732.300881477,721.107679127552,689.4805683999609
2020-05-02,0.100393462167798,0.016320064029547,7327.49703169386,41648.2550311084,49221.6874784684,21057.9944617924,167965.115653624,742.0460839802721,705.701318013199
2020-05-03,0.08648852734289501,0.013899915151793998,6947.80003542663,40811.1717435027,49036.97146107731,21167.2861463822,170173.03529565,763.104078442065,722.163963609391
2020-05-04,0.07462721237501099,0.011856990541517001,6587.7768945813705,39985.2441075427,48836.34420596559,21266.4091122123,172355.922856645,784.271364588447,738.866002169076
2020-05-05,0.064493655095387,0.010129825919004999,6246.408425730079,39170.679882218596,48620.465874565096,21355.502227201,174513.663599468,805.537773700659,755.8049061418919
2020-05-06,0.055823041864169004,0.008667388548463,5922.728208497299,38367.6569013948,48389.9855942117,21434.7132644681,176646.16396129603,826.8932759278599,772.978126224575
2020-05-08,0.048393013154095,0.0074272375579810005,5615.81985997052,37576.325090575,48145.540997393895,21504.1981717462,178753.350553566,848.327989192328,790.383094013275
2020-05-09,0.042016572636513004,0.006374020866923999,5324.81444884772,36796.8083680006,47887.7578214266,21564.1203674127,180835.16919992398,869.8321873640739,808.017224534921
2020-05-10,0.036536226919752,0.005478244888129,5048.88804235332,36029.2064363124,47617.249564257596,21614.650063238,182891.58401082398,891.396307731487,825.8779186621761
2020-05-11,0.031819134399464,0.004715265708942,4787.25937926428,35273.5964706838,47334.617192367004,21655.9636138332,184922.57649347698,913.0109577947251,843.9625654163871
2020-05-12,0.027753082999413,0.004064460443330999,4539.18766269125,34530.034709024105,47040.4488969651,21688.2428926862,186928.144695895,934.6669214085581,862.268544162746
2020-05-13,0.024243149922345,0.0035085454229179997,4303.97046655601,33798.557949564,46735.3198949213,21711.6746945842,188908.30238381,956.3551643012449,880.793226701773
2020-05-14,0.02120892348764,0.0030330142772079997,4080.94174999335,33079.184960853396,46419.792271074,21726.450164148002,190863.078249318,978.066838995829,899.5339792610409
2020-05-15,0.018582188969874,0.002625674071592,3869.4699741827703,32371.9178089406,46094.414858777694,21732.7642501333,192792.515150092,999.793289159977,918.488164390944
2020-05-16,0.016304998075673,0.0022762617847529995,3668.9563163824,31676.7431062508,45759.723155732194,21730.815185097,194696.66937810002,1021.52605341011,937.653142768194
2020-05-17,0.014328056106815,0.001976126718954,3478.83297619419,30993.6331864459,45416.2392723253,21720.8039899736,196575.609956761,1043.2568685952099,957.0262749105499
2020-05-18,0.01260937259542,0.0017179671085899998,3298.5615693349105,30322.5472093179,45064.4719098907,21702.934003065202,198429.417965533,1064.97767258518,976.6049228062179
2020-05-19,0.011113130774633998,0.0014956113521560003,3127.63160442333,29663.4321995587,44704.9163664438,21677.4104329086,200258.18589095198,1086.68060658825,996.386451461191
2020-05-20,0.009808739076292,0.001303836041803,2965.55903851815,29016.2240230434,44338.0545676134,21644.4399344528,202062.017003182,1108.35801702115,1016.36823036771
2020-05-22,0.008670034255802001,0.001138214383537,2811.88490735653,28380.8483040708,43964.3551206314,21604.2302079535,203841.024757158,1130.00245695561,1036.54763489688
2020-05-23,0.007674610999755,0.000994989754334,2666.17402644707,27757.2212868249,43584.2733893754,21556.9896199696,205595.33221744897,1151.60668716356,1056.9220476184598
2020-05-24,0.006803257187988001,0.000870970081217,2528.01375936666,27145.2506441443,43198.2515885943,21502.9268458296,207325.07150599,1173.16367678353,1077.48885955056
2020-05-25,0.006039477532213001,0.000763439492916,2397.01284979577,26544.8362365246,42806.718895559105,21442.250532924598,209030.38327187102,1194.66660362936,1098.24547134209
2020-05-26,0.005369091238285,0.000670084320051,2272.8003140036803,25955.8708241223,42410.0915775053,21375.1689841711,210711.41618237898,1216.10885416228,1119.18929439053
2020-05-27,0.004779891752357,0.0005889310313669999,2155.02439066304,25378.2407343805,42008.7731333302,21301.8898609867,212368.326434546,1237.48402314646,1140.31775189767
2020-05-29,0.004261358645047,0.0005182941127219999,2043.3515450329899,24811.826487757204,41603.1544481199,21222.6199051123,214001.277286458,1258.78591300744,1161.62827986562
2020-05-30,0.00380441333756,0.00045673223955499997,1937.4655247016199,24256.5033839042,41193.6139591666,21137.564678618997,215610.438607619,1280.00853291255,1183.11832803565
2020-05-31,0.003401211740624,0.00040301137626900006,1837.0664642229601,23712.1420505182,40780.517832236,21046.9283214371,217195.986447687,1301.1460975911698,1204.78536077196
2020-06-01,0.003044968011348,0.00035607366868900005,1741.87003612059,23178.608956968503,40364.2201469199,20950.9133257484,218758.102622905,1322.19302591261,1226.6268578928
2020-06-02,0.0027298045753880004,0.00031501118756,1651.60664586001,22655.766894689,39945.063089997006,20849.720326591498,220296.974319617,1343.14393923836,1248.64031545078
2020-06-03,0.00245062434577,0.000279043739389,1566.02066851529,22143.47542622,39523.3771557934,20743.5479080326,221812.793714228,1363.99365956495,1270.82324646474
2020-06-05,0.002203001722769,0.000247500091783,1484.8697249729198,21641.5913046796,39099.4813526091,20632.5924242681,223305.757609017,1384.7372074729801,1293.1731816049
2020-06-06,0.001983089503913,0.00021980206877100002,1407.92399562689,21149.968865350602,38673.6834143401,20517.0478350327,224776.067083248,1405.36979989725,1315.68766983332
2020-06-07,0.00178753928808,0.00019545106135799998,1334.96556962456,20668.460390978,38246.280016490295,20397.105554697,226223.92715899603,1425.8868477322799,1338.3642790014699
2020-06-08,0.001613433338045,0.00017401657306999996,1265.78782782319,20196.9164522852,37817.556995824,20272.9543144548,227649.54648117602,1446.28395328698,1361.2005964067
2020-06-09,0.0014582261842460002,0.000155126482132,1200.19485771188,19735.1862251346,37387.7895729671,20144.780037007902,229053.137011251,1466.5569076014401,1384.19422930931
2020-06-10,0.0013196945194930002,0.000138458753444,1138.000898644,19283.117785683102,36957.242577313504,20012.7657231749,230434.913734116,1486.70168763844,1407.34280541183
2020-06-11,0.0011958941583480002,0.000123734376419,1079.02981581065,18840.5583848083,36526.1706736456,19877.091349860602,231795.094377683,1506.71445336162,1430.64397330216
2020-06-12,0.00108512302312,0.00011071134051999999,1023.1146014666801,18407.354703010402,36094.8185899209,19737.9337788411,233133.8991447,1526.59154471148,1454.0954028620001
2020-06-13,0.000985889276743,9.91794902262046e-05,970.096901998165,17983.3530869338,35663.4213457191,19595.4666758297,234451.55045635698,1546.3294784903198,1477.6947856421802
2020-06-14,0.0008968838561399999,8.895612613963149e-05,919.826569492746,17568.3997685832,35232.2044808873,19449.8604393103,235748.272707247,1565.9249451661499,1501.43983520617
2020-06-15,0.0008169567721060001,7.988223984033241e-05,872.1612365438721,17162.3410682574,34801.3842839542,19301.2821386341,237024.29203125602,1585.3748056054599,1525.32828744324
2020-06-16,0.0007450966366219999,7.181928764559621e-05,826.9659130854559,16765.0235821619,34371.168019923396,19149.8954608957,238279.836077995,1604.67608774409,1549.3579008524803
2020-06-17,0.0006804129586810001,6.46464231091146e-05,784.112604115791,16376.294355613101,33941.7541570864,18995.860666118002,239515.133799366,1623.8259832049898,1573.5264567991
2020-06-19,0.0006221208175780001,5.825812045556911e-05,743.479947228631,15996.001042694099,33513.3325925285,18839.3345502911,240730.415245901,1642.8218438711099,1597.8317597440803
2020-06-20,0.0005695275800110001,5.2562131525932e-05,704.952868925375,15623.992053175702,33086.084876028,18680.4704158268,241925.91137250102,1661.6611784214,1622.2716374484398
2020-06-21,0.000522021376082,4.7477727549649e-05,668.422258735389,15260.1166874718,32660.1844320786,18519.418049005,243101.853853236,1680.3416488372302,1646.84394115319
2020-06-22,0.00047906109058800007,4.29341844255817e-05,633.7846602219059,14904.2252603549,32235.7967797877,18356.3237040039,244258.474904849,1698.8610668862302,1671.54654573621
2020-06-23,0.000440167661126,3.88694764075008e-05,600.941977998683,14556.1692141177,31813.0797504287,18191.330093121498,245396.007118663,1717.2173905902403,1696.37734984684
2020-06-24,0.00040491650440499993,3.52291483377857e-05,569.80119992794,14215.8012218287,31392.1837024481,18024.5763828089,246514.683300552,1735.40872068336,1721.3342760195098
2020-06-26,0.00037293091757,3.19653410097027e-05,540.274133713015,13882.975281294599,30973.2517337458,17856.1981951544,247614.73631869,1753.43329706617,1746.41527076711
2020-06-27,0.000343876323031,2.9035947993528803e-05,512.277157139955,13557.546800305101,30556.419891070498,17686.3276144676,248696.39895877102,1771.2894952613199,1771.6183046552103
2020-06-28,0.00031745524377200005,2.64038854429613e-05,485.730981260847,13239.372673708302,30141.817376386698,17515.0931986291,249759.903786426,1788.9758228757898,1796.9413723580103
2020-06-29,0.000293402911913,2.40364590961599e-05,460.5604258483701,12928.3113528295,29729.566750088397,17342.6199948862,250805.48301655898,1806.4909160744198,1822.38249269678
2020-06-30,0.00027148342679100005,2.1904814976164603e-05,436.69420648572196,12624.222907720401,29319.7841309492,17169.029559785802,251833.36838933802,1823.8335360693,1847.93970866177
2020-07-01,0.000251486390378,1.998346224186e-05,414.064732689094,12326.9690826973,28912.579392714702,16994.4399829516,252843.791052592,1841.00256562909,1873.61108741832
2020-07-03,0.00023322395776199998,1.82498582964361e-05,392.607916491004,12036.4133456006,28508.056357253397,16818.9659144234,253836.98145035398,1857.9970056120399,1899.3947202979502
2020-07-04,0.000216528248894,1.66840476702422e-05,372.26299094248805,11752.420931184599,28106.312984199198,16642.7185952913,254813.16921733398,1874.8159715264603,1925.2887227751999
2020-07-05,0.000201249075085,1.52683473967427e-05,352.972338020195,11474.8588790221,27707.441557026097,16465.805891368,255772.58307907,1891.45869012175,1951.2912344309
2020-07-06,0.00018725194000599997,1.3987072625682501e-05,334.68132545106096,11203.5960662871,27311.5288655096,16288.3323296531,256715.450757551,1907.9244960131198,1977.4004189026
2020-07-07,0.000174416280315,1.28262970933282e-05,317.33815199248403,10938.5032357581,26918.6563845366,16110.3991373603,257641.99888210002,1924.21282834278,2003.61446382281
2020-07-08,0.000162633915683,1.1773643818319699e-05,300.893700729878,10679.453019365,26528.9004492379,15932.104283281102,258552.452905295,1940.3232274801398,2029.9315807456896
2020-07-09,0.00015180768195500002,1.08181020323135e-05,285.301399976157,10426.3199575835,26142.3324264233,15753.542521278401,259447.037023749,1956.2553317634197,2056.35000506275
2020-07-10,0.000141850224667,9.949866903337109e-06,270.51709137926,10178.9805149635,25759.0188823083,15574.805435706201,260325.974103543,1972.0088742847,2082.86799590828
2020-07-11,0.000132682933076,9.16019908023488e-06,256.498904864186,9937.313092062259,25379.021746528702,15395.9814885674,261189.485610138,1987.5836797204001,2109.4838360548997
2020-07-12,0.000124234997439,8.44130149031733e-06,243.207140055425,9701.1980340365,25002.398472446297,15217.1560682277,262037.79154257,2002.9796612089701,2136.1958318
2020-07-13,0.00011644257452,7.786211169123621e-06,230.604153843964,9470.5176361323,24629.2021937535,15038.4115395151,262871.110371786,2018.1968172772001,2163.0023128433104
2020-07-14,0.000109248048192,7.18870419937171e-06,218.65425378047402,9245.15614629929,24259.4818773931,14859.8272950431,263689.658982919,2033.23522881671,2189.90163215637
2020-07-15,0.000102599373697,6.643212092766089e-06,207.32359699278197,9024.99976514075,23893.282472811698,14681.4798076036,264493.652621367,2048.09505611176,2216.89216584424
2020-07-17,9.64494955586054e-05,6.14474816935613e-06,196.58009434136397,8809.93664339962,23530.6450575716,14503.4426834854,265283.30484252,2062.77653591936,2243.97231299993
2020-07-18,9.075583040413241e-05,5.6888426796951e-06,186.393319541437,8599.856877168091,23171.60697935,14325.786716581399,266058.827464964,2077.27997860284,2271.14049555202
2020-07-19,8.54798070331212e-05,5.27148557949101e-06,176.734422994286,8394.65250099758,22816.201994357798,14148.5799431545,266820.43052705197,2091.60576531943,2298.39515810589
2020-07-20,8.058645703429671e-05,4.88907600847285e-06,167.576050083798,8194.21747907508,22464.460402214703,13971.8876971426,267568.322246667,2105.75434526258,2325.73476777895
2020-07-21,7.604405006346121e-05,4.53837764798381e-06,158.892263706833,7998.44769462198,22116.409177319303,13795.7726658867,268302.70898407896,2119.7262329597197,2353.15781403033
2020-07-22,7.18237686228984e-05,4.21647923805959e-06,150.658470818024,7807.240937661959,21772.0720967563,13620.2949461753,269023.795207737,2133.52200562561,2380.66280848526
2020-07-24,6.789941780770279e-05,3.92075962676447e-06,142.851352780994,7620.496891295641,21431.469864786002,13445.5121005043,269731.783462886,2147.14230057178,2408.24828475475
2020-07-26,6.42471660324941e-05,3.64885680431825e-06,135.44879932874,7438.117116611271,21094.6202339626,13271.4792134583,270426.874342894,2160.5878126722896,2435.9127982506
2020-07-27,6.08453132304474e-05,3.39864044374514e-06,128.42984594616502,7260.005036352741,20761.5381229304,13098.2489481233,271109.26646315696,2173.8592918857503,2463.65492599639
2020-07-28,5.767408343492261e-05,3.1681875298632803e-06,121.77461449742201,7086.065917458729,20432.2357309488,12925.871602449799,271779.156437489,2186.95754083387,2491.47326643452
2020-07-29,5.47154390200955e-05,2.95576071065537e-06,115.464256929926,6916.206852579499,20106.7226491977,12754.3951654887,272436.73885687103,2199.8834124363198,2519.36643922974
2020-07-31,5.19529141976594e-05,2.75978905048502e-06,109.48090189560699,6750.33674067161,19785.0059689182,12583.865373427,273082.206270477,2212.6378076018104,2547.33308506945
2020-08-01,4.9371465647779496e-05,2.57885090417002e-06,103.807604138227,6588.36626676386,19467.090386441298,12414.3257653579,273715.74916885,2225.22167297524,2575.371865461
2020-08-02,4.6957338409115994e-05,2.41165866538111e-06,98.4282965034429,6430.207880982421,19152.9783051624,12245.8177387224,274337.555969164,2237.63599874059,2603.48146252628
2020-08-03,4.4697945369311e-05,2.2570451728845698e-06,93.32774443567959,6275.77577691698,18842.669934516598,12078.3806043647,274947.813002445,2249.88181647932,2631.6605787939
2020-08-04,4.25817588876683e-05,2.11395158437425e-06,88.4915028329743,6124.985869404761,18536.1633860128,11912.051641149399,275546.704502697,2261.96019708368,2659.90793698917
2020-08-05,4.0598213249174605e-05,1.98141655054927e-06,83.9058751375861,5977.75577180408,18233.4547663827,11746.8661500899,276134.412597811,2273.87224872483,2688.22227982202
2020-08-06,3.87376167963891e-05,1.8585665421231002e-06,79.557874546523,5834.00477282438,17934.5382679049,11582.8575079443,276711.11730220803,2285.61911487492,2716.60236977335
2020-08-07,3.69910727155735e-05,1.7446071999757703e-06,75.4351872321293,5693.65381297538,17639.4062559599,11420.057220236798,277276.99651110603,2297.2019723828603,2745.04698887968
2020-08-08,3.535040756792971e-05,1.63881559400804e-06,71.526137468576,5556.6254606935,17348.0493538755,11258.494973666999,277832.225996362,2308.6220296031,2773.55493851661
2020-08-09,3.38081067578443e-05,1.5405332897069401e-06,67.8196545654877,5422.84388820005,17060.4565251208,11098.1986878726,278376.97940379,2319.88052457677,2802.1250391810604
2020-08-10,3.23572562192763e-05,1.4491601332301202e-06,64.3052415150642,5292.2348471417,16776.6151529063,10939.1945665148,278911.4282519,2330.97872326464,2830.7561302726504
2020-08-11,3.0991489680292404e-05,1.36414867617298e-06,60.97294526390229,5164.725644060471,16496.5111172487,10781.5071476573,279435.741931989,2341.91791783116,2859.4470698742402
2020-08-12,2.9704940935527196e-05,1.28499917028118e-06,57.81332852532601,5040.2451157368205,16220.1288695576,10625.1593534154,279950.08770950104,2352.69942497881,2888.19673453195
2020-08-14,2.84922006181094e-05,1.21125507037105e-06,54.8174430523987,4918.72360444673,15947.451504802,10470.17253885,280454.630726616,2363.32458433223,2917.00401903472
2020-08-16,2.73482770173189e-05,1.14249899075952e-06,51.97680429592239,4800.09293317032,15678.460831312299,10316.5665400889,280949.534005995,2373.79475687108,2945.8678361935804
2020-08-18,2.62685605367635e-05,1.07834906670451e-06,49.283367375656795,4684.28638078708,15413.137438276599,10164.3597216572,281434.95845561,2384.11132341117,2974.78711662083
2020-08-19,2.52487914309172e-05,1.01845567781952e-06,46.7295042967059,4571.23865728997,15151.460760984399,10013.5690230005,281911.062874634,2394.27568313283,3003.76080850919
2020-08-21,2.42850304961007e-05,9.624984952449431e-07,44.3079823465491,4460.88587904847,14893.4091438753,9864.21000418899,282378.003960302,2404.28925215583,3032.7878774111305
2020-08-22,2.33736324259644e-05,9.10183818611471e-07,42.0119436115348,4353.16554414791,14638.959901446202,9716.29689079104,282835.936315713,2414.15346216001,3061.86730601844
2020-08-23,2.25112215717549e-05,8.61242172588205e-07,39.8348855548272,4248.01650783082,14388.0893770717,9569.842617906519,283285.012458516,2423.8697590508104,3090.99809394225
2020-08-24,2.16946698745473e-05,8.154261361290409e-07,37.770642600802205,4145.37895806351,14140.772999790901,9424.85887335338,283725.382830425,2433.43960166871,3120.17925749343
2020-08-25,2.09210767605843e-05,7.725083804692679e-07,35.813368673737,4045.19439124938,13896.9853391132,9281.35614000111,284157.195807536,2442.8644605420604,3149.4098294637897
2020-08-26,2.01877508122207e-05,7.322798945255559e-07,33.9575206413438,3947.40558810876,13656.7001578948,9139.34373724722,284580.597711369,2452.14581668207,3178.6888589078003
2020-08-28,1.94921930460228e-05,6.945483786573179e-07,32.1978426162578,3851.95658974323,13419.8904633377,8998.82986163412,284995.73282062897,2461.28516041931,3208.0154109252503
2020-08-29,1.88320816465795e-05,6.59136789790942e-07,30.529351071020102,3758.7926739008003,13186.528556160702,8859.82162660505,285402.743383612,2470.28399028095,3237.38856644479
2020-08-30,1.82052580197755e-05,6.25882022721673e-07,28.947320724401898,3667.86033145698,12956.5860779924,8722.325101399141,285801.769631244,2479.14381190755,3266.8074220084004
2020-08-31,1.76097140428566e-05,5.94633714017953e-07,27.4472711590971,3579.10724312521,12730.0340570344,8586.34534908687,286192.949790689,2487.86613700895,3296.27108955702
2020-09-01,1.70435804007707e-05,5.652531563837629e-07,26.0249541328858,3492.48225640896,12506.8429520432,8451.88646374825,286576.42009951,2496.45248235804,3325.7786962172804
2020-09-02,1.6505115909143898e-05,5.37612312606731e-07,24.676341547332,3407.93536280645,12286.982694676599,8318.95160679716,286952.31482034,2504.90436882179,3355.3293840894
2020-09-03,1.59926977339966e-05,5.11592919351872e-07,23.397614039942198,3325.41767527794,12070.4227302523,8187.54304245609,287320.76625602104,2513.22332042858,3384.92231003654
2020-09-04,1.55048124270409e-05,4.870856720689921e-07,22.185150167478,3244.8814059843394,11857.132056961498,8057.66217238687,287681.904765199,2521.4108634710396,3414.5566454753002
2020-09-05,1.5040047703239401e-05,4.6398948318013203e-07,21.0355161497888,3166.27984430497,11647.079263584199,7929.30956948307,288035.858778322,2529.46852564343,3444.2315761678
2020-09-06,1.45970848943396e-05,4.42210806514598e-07,19.945456145117603,3089.56733514126,11440.232565748,7802.485010831279,288382.75481402397,2537.39783521291,3473.94630201513
2020-09-07,1.4174692018421e-05,4.21663021673979e-07,18.9118830293406,3014.69925751255,11236.559840773501,7677.18750984859,288722.717495866,2545.2003202237397,3503.7000368524
2020-09-08,1.37717174111721e-05,4.0226587264794396e-07,17.931869653026,2941.6320034489,11036.0286611477,7553.4153476046995,289055.869569399,2552.87750773359,3533.49200824529
2020-09-09,1.3387083869729401e-05,3.83944955572095e-07,17.0026405515512,2870.32295718562,10838.6063266665,7431.16610333722,289382.33191953,2560.43092308119,3563.32145728824
2020-09-11,1.30197832645068e-05,3.6663125102917497e-07,16.121564084800998,2800.7304746629197,10644.2598952848,7310.43668416968,289702.223588167,2567.86208918453,3593.1876384043603
2020-09-12,1.26688715785921e-05,3.50260696751444e-07,15.2861449841873,2732.81386333392,10452.956212715799,7191.223354041999,290015.66179211,2575.1725258687,3623.08981914698
2020-09-13,1.23334643380225e-05,3.3477379699063e-07,14.494017285880599,2666.53336228337,10264.6619408144,7073.52176186369,290322.761941176,2582.36374922274,3653.0272800029297
2020-09-14,1.20127323996175e-05,3.2011526518809993e-07,13.7429376302415,2601.85012265888,10079.343584784001,6957.32696890038,290623.637656521,2589.43727098461,3682.99931419765
2020-09-15,1.17058980660914e-05,3.06233696906159e-07,13.0307789084761,2538.72618841603,9896.96751924281,6842.63347540484,290918.400789163,2596.39459795351,3713.0052275020294
2020-09-16,1.1412231500912199e-05,2.93081270275931e-07,12.3555242385201,2477.12447737814,9717.50001318395,6729.43524650369,291207.161438653,2603.23723142891,3743.0443380411893
2020-09-18,1.11310474178554e-05,2.80613471481703e-07,11.7152612530935,2417.0087626110603,9540.90725386565,6617.725737351429,291490.027971906,2609.96666667542,3773.1159761049603
2020-09-19,1.0861702022445401e-05,2.68788843039128e-07,11.108176683747,2358.34365411294,9367.15536966395,6507.49791756366,291767.107042149,2616.58439241277,3803.2194839604203
2020-09-20,1.06035901845061e-05,2.57568752838218e-07,10.532551225564,2301.09458081845,9196.21045192166,6398.74429494162,292038.503607987,2623.09189033033,3833.3542156662
2020-09-21,1.03561428228827e-05,2.4691718211409003e-07,9.986754667972448,2245.22777291668,9028.03857582545,6291.45693850011,292304.320952555,2629.4906346252696,3863.5195368887703
2020-09-22,1.0118824485060301e-05,2.36800530681286e-07,9.46924127787865,2190.71024448159,8862.60582034251,6185.627500811421,292564.660702753,2635.78209156377,3893.71482472067
2020-09-23,9.8911311059129e-06,2.2718743792315803e-07,8.97854542204641,2137.50977641345,8699.87828724726,6081.247239677521,292819.622848539,2641.9677190645803,3923.9394675006606
2020-09-25,9.67258793118954e-06,2.18048618168072e-07,8.51327741632459,2085.59489968957,8539.82211926802,5978.30703914339,293069.30576227,2648.0489663042604,3954.19286463587
2020-09-26,9.46274759258227e-06,2.09356709210703e-07,8.072119589967361,2034.93487892233,8382.4035173825,5876.797429863929,293313.806218074,2654.02727334341,3984.47442642594
2020-09-27,9.26118832235187e-06,2.01086132850772e-07,7.653822553901381,1985.49969622221,8227.58875729046,5776.70860883734,293553.219411249,2659.90407077327,4014.78357388909
2020-09-28,9.06751229651109e-06,1.9321296642466604e-07,7.25720166237118,1937.26003536344,8075.34420509101,5678.03045851771,293787.63897766,2665.6807793821104,4045.1197385902396
2020-09-29,8.88134409649786e-06,1.85714824398402e-07,6.881133657941929,1890.18726624947,7925.63633219135,5580.75256531949,294017.157013135,2671.35880984062,4075.4823624711207
2020-09-30,8.70232928011849e-06,1.78570749174548e-07,6.52455349035813,1844.2534296755603,7778.43172947303,5484.86423752678,294241.864092851,2676.93956240594,4105.870897682371
2020-10-01,8.53013305331268e-06,1.71761110341799e-07,6.186451300248881,1799.4312223854101,7633.697120740971,5390.354522619989,294461.849290678,2682.42442664347,4136.284806417701
2020-10-02,8.36443903499526e-06,1.6526751166475598e-07,5.86586955913749,1755.6939824186402,7491.3993754800795,5297.21222403269,294677.200198502,2687.8147811660897,4166.72356074998
2020-10-03,8.20494810786973e-06,1.59072705173784e-07,5.561900357655691,1713.015674746,7351.505520943309,5205.42591735128,294888.002945491,2693.11199339012,4197.18664246944
2020-10-04,8.051377348693e-06,1.5316051177133401e-07,5.27368283428249,1671.37087718866,7213.98275359455,5114.983965969939,295094.342217307,2698.3174193074697,4227.673542923811
2020-10-05,7.90345903200328e-06,1.47515747822292e-07,5.0004007373257195,1630.73476661836,7078.798449929009,5025.87453621355,295296.301275251,2703.43240327344,4258.1837628605
2020-10-06,7.76093970180929e-06,1.42124157242384e-07,4.74128011324166,1591.08310543452,6945.92017669307,4938.08561194073,295493.961975338,2708.45827780966,4288.71681227079
2020-10-07,7.623579306183411e-06,1.36972348640788e-07,4.49558711474582,1552.3922283149402,6815.3157005250705,4851.60500863951,295687.404787291,2713.3963634216,4319.272210236029
2020-10-09,7.4911503901067196e-06,1.32047737111389e-07,4.26262592250743,1514.63902923606,6686.95299703787,4766.42038702761,295876.70881343604,2718.24796843024,4349.849484775829
2020-10-10,7.3634373422853195e-06,1.27338490301894e-07,4.041736774541589,1477.8009487592499,6560.80025936318,4682.5192661696,296061.951807516,2723.0143888172697,4380.448172698239
2020-10-11,7.24023569199659e-06,1.22833478421613e-07,3.8322940977183197,1441.8559615789402,6436.82590617755,4599.88903612256,296243.210193392,2727.69690808343,4411.06781945193
2020-10-13,7.121351452334509e-06,1.1852222787748001e-07,3.63370473609678,1406.7825643290698,6314.9985892287905,4518.51697012236,296420.55908363697,2732.2967971195603,4441.70797898034
2020-10-14,7.00660050650785e-06,1.14394878254043e-07,3.44540627106713,1372.5597636436,6195.287200381489,4438.39023632191,296594.072298018,2736.81531408968,4472.36821357781
2020-10-16,6.89580803410555e-06,1.1044214237697301e-07,3.26686542854257,1339.1670644672802,6077.660878199449,4359.495909093011,296763.82238185604,2741.253704326,4503.0480937476705
2020-10-17,6.78880797448248e-06,1.0665526922136e-07,3.0975765686907595,1306.58445861273,5962.08901408252,4281.820979903089,296929.880624258,2745.6132002351,4533.74719806229
2020-10-18,6.68544252463794e-06,1.0302600944582e-07,2.93706025392722,1274.79241355967,5848.541257974611,4205.35236777799,297092.317076226,2749.895021215,4564.46511302502
2020-10-19,6.585561669160201e-06,9.954658335151119e-08,2.78486189111529,1243.77186149255,5736.98752365933,4130.0769293617295,297251.200568621,2754.1003735827803,4595.20143293414
2020-10-20,6.48902273999514e-06,9.620965108159301e-08,2.64055044412735,1213.5041885722699,5627.3979936590795,4055.9814685842603,297406.598729996,2758.2304505121397,4625.955759748689
2020-10-21,6.39569000396645e-06,9.300828489169349e-08,2.50371721312095,1183.97122443832,5519.74312375302,3983.05274594757,297558.578004284,2762.2864319807204,4656.727702956189
2020-10-23,6.30543427613056e-06,8.99359433356962e-08,2.37397467707297,1155.1552319371,5413.99364712873,3911.2774874409,297707.20366833697,2766.26948472667,4687.51687944226
2020-10-24,6.21813255719307e-06,8.69864472236773e-08,2.2509553962935,1127.03889707253,5310.12057818221,3840.6423930951796,297852.53984931397,2770.18076221411,4718.32291336215
2020-10-25,6.13366769334491e-06,8.41539572203086e-08,2.1343109718115203,1099.60531917505,5208.09521597994,3771.13414518686,297994.649541922,2774.02140460721,4749.14543601411
2020-10-26,6.05192805699771e-06,8.143295296252941e-08,2.0237110586852,1072.83800128497,5107.88914739687,3702.7394161010207,298133.594625498,2777.79253875239,4779.98408571459
2020-10-27,5.97280724700997e-06,7.88182135848916e-08,1.9188424304423501,1046.72084074635,5009.4742499432,3635.44487586368,298269.435880923,2781.49527816849,4810.83850767532
2020-10-28,5.89620380709784e-06,7.630479954977669e-08,1.8194080920016298,1021.2381200074199,4912.82269429289,3569.23719935254,298402.23300739104,2785.1307230443604,4841.70835388218
2020-10-29,5.8220209612197504e-06,7.38880356877396e-08,1.7251264385621399,996.3744976238071,4817.906946526071,3504.10307319589,298532.044639001,2788.6999602437104,4872.5932829759
2020-10-30,5.7501663648110704e-06,7.15634953606143e-08,1.6357304580793401,972.114999460599,4724.69977009734,3440.0292023686497,298658.928361192,2792.2040633169104,4903.49296013451
2020-10-31,5.68055187082604e-06,6.932698566679111e-08,1.5509669750686599,948.445010089628,4633.17422754151,3377.00231649458,298782.94072700397,2795.64409251927,4934.40705695758
2020-11-01,5.6130933096182196e-06,6.717453361428291e-08,1.4705959335951297,925.350264378063,4543.30368192786,3315.00917586357,298904.137273173,2799.02109483577,4965.3352513522905
2020-11-02,5.54771028175983e-06,6.51023731929019e-08,1.3943897174186102,902.816839264703,4455.06179807382,3254.0365771725396,299022.57253606,2802.33610401163,4996.27722742106
2020-11-03,5.48432596296364e-06,6.310693328210519e-08,1.32213250536891,880.8311457202451,4368.422543528471,3194.0713589984803,299138.300067398,2805.5901405888,5027.23267535113
2020-11-04,5.42286692032962e-06,6.11848263358725e-08,1.25361966012552,859.379920887934,4283.36018933592,3135.1004070118397,299251.372449875,2808.7842119478005,5058.20129130564
2020-11-06,5.36326293919319e-06,5.93328377904093e-08,1.1886571486706499,838.450220400987,4199.84931058848,3077.11065893839,299361.84131254104,2811.9193123548102,5089.18277731654
2020-11-07,5.30544685990171e-06,5.75479161445261e-08,1.12706099277445,818.0294108732629,4117.86478677881,3020.08910927745,299469.757346036,2814.99642301375,5120.176841179121
2020-11-08,5.24935442389242e-06,5.582716366629231e-08,1.06865674795605,798.1051625596781,4037.3818019604705,2964.0228137842305,299575.17031765,2818.0165121230298,5151.18319634814
2020-11-09,5.19492412848822e-06,5.41678276830008e-08,1.01327900944479,778.6654421829311,3958.3758447254795,2908.89889372375,299678.129086198,2820.9805349368103,5182.2015618357
2020-11-10,5.14209708986714e-06,5.2567292414654296e-08,0.960770943742654,759.698505923129,3880.8227080074703,2854.7045399038398,299778.681616732,2823.8894338305395,5213.23166211067
2020-11-11,5.09081691369855e-06,5.10230713141018e-08,0.9109838444609821,741.192892566982,3804.69848871863,2801.42701649432,299876.874995059,2826.74413837044,5244.2732269996895
2020-11-13,5.04102957297322e-06,4.953279987964809e-08,0.863776711173814,723.1374168132401,3729.97958722849,2749.05366463944,299972.755442099,2829.54556538694,5275.3259915898
2020-11-14,4.9926832925861295e-06,4.80942289084389e-08,0.819015850095015,705.5211627311501,3656.6427066920705,2697.57190587032,300066.368328055,2832.2946190515804,5306.389696132629
2020-11-15,4.9457284402602794e-06,4.6705218161216506e-08,0.77657449544831,688.333477368721,3584.66485223486,2646.9692453243397,300157.75818641396,2834.99219095745,5337.4640859501005
2020-11-16,4.90011742342712e-06,4.5363730411151e-08,0.7363324504579091,671.563964507642,3514.02333000187,2597.23327477764,300246.968727764,2837.6391602027697,5368.54891134166
2020-11-17,4.85580459170454e-06,4.40678258514059e-08,0.6981757469430059,655.2024785617681,3444.69574607747,2548.3516754974103,300334.04285344,2840.23639347755,5399.64392749309
2020-11-18,4.81274614463706e-06,4.2815656837895295e-08,0.6619963225520761,639.239118616114,3376.66000528276,2500.31222091996,300419.022668997,2842.78474515305,5430.74889438669
2020-11-20,4.77090004438447e-06,4.16054629453582e-08,0.62769171472289,623.664222603374,3309.8943098569603,2453.10277916074,300501.949497495,2845.2850573739697,5461.86357671302
2020-11-21,4.73022593306584e-06,4.0435566316411605e-08,0.5951647705015171,608.468361615,3244.3771580288503,2406.71131536204,300582.863892627,2847.7381601531297,5492.9877437840505
2020-11-22,4.69068505448452e-06,3.9304367284669305e-08,0.564323371398495,593.642334343962,3180.0873424843103,2361.1258938843,300661.805651656,2850.14487146849,5524.121169447801
2020-11-23,4.652240179977459e-06,3.82103402543293e-08,0.535080172502966,579.177161656342,3117.0039487357694,2316.33468034641,300738.813828192,2852.50599736237,5555.26363200432
2020-11-24,4.61485553814861e-06,3.7152029819850495e-08,0.5073523551158919,565.064081288951,3055.1063533989,2272.32594352053,300813.926744783,2854.8223320427196,5586.41491412311
2020-11-25,4.578496748261239e-06,3.612804711047e-08,0.48106139220183297,551.294542670254,2994.37422238214,2229.08805708669,300887.182005347,2857.09465798624,5617.57480276193
2020-11-26,4.54313075707847e-06,3.51370663453556e-08,0.45613282599500105,537.860201861883,2934.78750899397,2186.60950125236,300958.616507427,2859.32374604333,5648.74308908698
2020-11-27,4.50872577895446e-06,3.4177821586157397e-08,0.43249605712976097,524.752916618098,2876.32645197302,2144.87886424182,301028.266454269,2861.51035554458,5679.91956839431
2020-11-28,4.47525123899089e-06,3.32491036746194e-08,0.41008414469840104,511.964741560616,2818.9715734457104,2103.88484366044,301096.167366746,2863.65523440882,5711.10404003276
2020-11-29,4.4426777190851895e-06,3.23497573437477e-08,0.38883361666988703,499.487923466241,2762.70367681603,2063.61624773829,301162.354095101,2865.7591192524796,5742.29630732802
2020-11-30,4.41097690670744e-06,3.14786784917988e-08,0.368684290132732,487.31489666480996,2707.5038445918303,2024.0619964580399,301226.860830527,2867.8227355002196,5773.49617750806
2020-12-01,4.38012154625303e-06,3.06348116090751e-08,0.349579100852865,475.438278544992,2653.35343615189,1985.21112257118,301289.721116585,2869.84679749668,5804.70346162986
2020-12-02,4.35008539282754e-06,2.9817147348174705e-08,0.33146394166381704,463.850865165549,2600.23408545786,1947.05277250728,301350.967860451,2871.83200861925,5835.91797450731
2020-12-04,4.320843168328939e-06,2.9024720228964e-08,0.31428750923151805,452.545626969699,2548.12769871493,1909.5762071802699,301410.633344003,2873.7790613917605,5867.139534640451
2020-12-05,4.2923705197004e-06,2.82566064701154e-08,0.29800115875974803,441.515704600258,2497.01645198506,1872.7708026958499,301468.749234749,2875.6886375989397,5898.36796414583
2020-12-07,4.26464397923483e-06,2.75119219395859e-08,0.282558766224739,430.75440481332,2446.8827887563502,1836.6260509640601,301525.346596587,2877.56140840163,5929.60308868812
2020-12-09,4.23764092681896e-06,2.6789820216909103e-08,0.26791659774879395,420.255196488231,2397.70941747198,1801.1315602208701,301580.45590040804,2879.3980344526003,5960.844737412939
2020-12-11,4.2113395540119905e-06,2.6089490760634902e-08,0.254033185742942,410.01170673170196,2349.47930902218,1766.27705546237,301634.107034548,2881.1991660128197,5992.09274288077
2020-12-12,4.1857188298596e-06,2.54101571746813e-08,0.24086921146789997,400.017717073916,2302.17569420232,1732.05237879536,301686.32931507,2882.96544306828,6023.34694100208
2020-12-13,4.16075846835035e-06,2.4751075567761898e-08,0.22838739368070896,390.267159754551,2255.7820611401603,1698.44748970778,301737.151495905,2884.6974954470697,6054.6071709736
2020-12-14,4.1364388974265e-06,2.41115330004266e-08,0.216552383051707,380.75411409667,2210.2821526953603,1665.45246526233,301786.601778828,2886.3959429367796,6085.87327521562
2020-12-15,4.11274122946703e-06,2.3490846014597798e-08,0.205330662052814,371.472802966475,2165.65996383394,1633.05750021668,301834.707823286,2888.0613954020396,6117.145099310501
2020-12-16,4.08964723316475e-06,2.28883592408096e-08,0.194690450033596,362.41758931697,2121.89973898038,1601.25290707336,301881.496756077,2889.6944529022603,6148.4224919421995
2020-12-18,4.0671393067244305e-06,2.2303444078659202e-08,0.18460161321629998,353.58297281360495,2078.98596935009,1570.02911606255,301926.995180877,2891.29570580933,6179.70530483689
2020-12-19,4.04520045231284e-06,2.17354974462582e-08,0.17503557935492803,344.963586540028,2036.90339026457,1539.3766750606399,301971.229187617,2892.8657349254,6210.99339270462
2020-12-20,4.02381425169549e-06,2.11839405947363e-08,0.165965256816697,336.554193782097,1995.63697845173,1509.28624944755,302014.224361722,2894.4051116004603,6242.28661318201
2020-12-21,4.00296484299881e-06,2.06482179840937e-08,0.157364957856673,328.349684888365,1955.17194933363,1479.74862190561,302056.005793195,2895.9143978499,6273.58482677597
2020-12-22,3.98263689853973e-06,2.01277962169265e-08,0.14921032586833702,320.34507420526,1915.4937543038102,1450.75469216271,302096.598085564,2897.3941464718105,6304.88789680843
2020-12-23,3.96281560366804e-06,1.96221630267624e-08,0.14147826640400302,312.535497085242,1876.5880779962101,1422.29547668231,302136.02536468697,2898.8449011639696,6336.19568936207
2020-12-24,3.94348663656992e-06,1.91308263179447e-08,0.13414688176977302,304.91620696625,1838.44083554779,1394.36210830296,302174.311287415,2900.2671966406606,6367.50807322697
2020-12-25,3.9246361489839e-06,1.86533132541871e-08,0.127195409009777,297.48257252079,1801.0381698566898,1366.94583582971,302211.479050117,2901.66155874896,6398.82491984828
2020-12-26,3.90625074778335e-06,1.81891693930962e-08,0.12060416110406,290.230074873033,1764.36644883767,1340.03802357982,302247.551397071,2903.02850458479,6430.14610327479
2020-12-27,3.888317477381839e-06,1.7737957864122002e-08,0.114354471213605,283.15430488237,1728.41226267667,1313.63015088506,302282.550628715,2904.36854260837,6461.47150010849
2020-12-28,3.87082380292043e-06,1.72992585875476e-08,0.108428639814575,276.250960491841,1693.16242108607,1287.71381155288,302316.498609766,2905.68217275925,6492.80098945493
2020-12-29,3.8537575941980104e-06,1.6872667532273e-08,0.102809884572051,269.51584413997,1658.6039505621698,1262.2807132885,302349.416777212,2906.96988657081,6524.134452874589
2020-12-30,3.83710711030802e-06,1.6457796010279898e-08,0.097482292811324,262.944860234481,1624.72409164653,1237.3226770801,302381.32614816603,2908.23216728409,6555.471774335129
2021-01-02,3.82086098494671e-06,1.6054270005789797e-08,0.092430776452111,256.534012686484,1591.5102961923901,1212.83163654907,302412.247327595,2909.46948996117,6586.81284016438
2021-01-03,3.8050082123602204e-06,1.56617295372446e-08,0.08764102927809199,250.279402503698,1558.95022463769,1188.79963726723,302442.200515922,2910.6823215977197,6618.15753900437
2021-01-04,3.78953813389925e-06,1.52798280503476e-08,0.08309948642072901,244.17722544133701,1527.03174328584,1165.21883604296,302471.205516503,2911.8711212349895,6649.5057617660705
2021-01-05,3.77444042515205e-06,1.4908231840506397e-08,0.07879328594263901,238.223769709297,1495.7429215956101,1142.08150017795,302499.281742974,2913.0363400710303,6680.85740158501
2021-01-08,3.7597050836276803e-06,1.4546619503113899e-08,0.074710232411711,232.41541373433103,1465.0720294811,1119.38000669645,302526.448226488,2914.1784215712105,6712.212353777701
2021-01-09,3.7453224169632996e-06,1.4194681410195401e-08,0.070838762362817,226.748623975919,1435.00753462304,1097.1068415484801,302552.72362281696,2915.2978015779104,6743.57051579888
2021-01-10,3.73128303163042e-06,1.38521192120332e-08,0.067167911549295,221.219952794561,1405.5380997923598,1075.2545987889,302578.126219344,2916.3949084194605,6774.93178719953
2021-01-11,3.7175778221163802e-06,1.35186453624594e-08,0.063687283891456,215.826036371264,1376.65258018708,1053.81597973359,302602.673941935,2917.4701630182503,6806.296069585649
2021-01-12,3.7041979605587007e-06,1.3193982666582001e-08,0.060387022034184,210.56359267702302,1348.34002078341,1032.7837920945599,302626.384361696,2918.5239789979805,6837.66326657784
2021-01-13,3.69113488681088e-06,1.2877863849781499e-08,0.057257779430235994,205.42941949109797,1320.5896537019,1012.15094909513,302649.27470161,2919.55676279007,6869.0332837716005
2021-01-15,3.67838029891967e-06,1.25700311468758e-08,0.054290693870192,200.42039246695,1293.3908955895,991.910468566806,302671.36184307,2920.56891373917,6900.4060286983495
2021-01-16,3.6659261439943e-06,1.22702359104189e-08,0.051477362384075,195.53346324470502,1266.73334501834,972.055472029102,302692.662332294,2921.5608242077396,6931.781410787261
2021-01-17,3.6537646094499497e-06,1.1978238237152299e-08,0.04880981744357,190.765657609035,1240.6067799018801,952.579183753551,302713.19238663104,2922.53287967977,6963.1593413276705
2021-01-18,3.6418881146077996e-06,1.1693806611683501e-08,0.046280504397450996,186.114073691398,1215.00115492916,933.4749298132491,302732.967900762,2923.48545886352,6994.539733432321
2021-01-19,3.6302893026355497e-06,1.14167175665202e-08,0.04388226007629299,181.57588021556703,1189.9065990177698,914.736137119048,302752.004452793,2924.41893379333,7025.92250200119
2021-01-20,3.61896103281278e-06,1.11467553576305e-08,0.041608292505895,177.148314785433,1165.3134127861802,896.356332443583,302770.31731023896,2925.33366993045,7057.307563686079
2021-01-21,3.6078963731063904e-06,1.0883711654753001e-08,0.039452161671951,172.82868221406997,1141.21206604594,878.329141434211,302787.921435909,2926.23002626289,7088.69483685583
2021-01-22,3.5970885930420195e-06,1.0627385245714598e-08,0.037407761281496005,168.614352893092,1117.5931953142801,860.648287615951,302804.831493688,2927.10835540433,7120.084241562141
2021-01-23,3.5865311568583097e-06,1.03775817540614e-08,0.03546930146947,164.502761201327,1094.44760134763,843.307591385408,302821.061854214,2927.9690036919396,7151.475699506171
2021-01-24,3.5762177169311205e-06,1.01341133693411e-08,0.033631292401436,160.49140395189,1071.76624669646,826.300968996685,302836.626600463,2928.81231128333,7182.86913400562
2021-01-25,3.56614210745586e-06,9.896798589412521e-09,0.031888528725992,156.577838876725,1049.5402532819198,809.6224315402029,302851.539533233,2929.6386122523304,7214.264469962521
2021-01-26,3.5562983383763e-06,9.665461974191099e-09,0.030236074832872994,152.759683147737,1027.76089999458,793.266083915336,302865.814176524,2930.4482346838695,7245.661633831609
2021-01-27,3.5466805895491095e-06,9.43993391027147e-09,0.028669250874967998,149.034611933629,1006.41962031569,777.226123797711,302879.463782838,2931.24150076778,7277.060553589341
2021-01-29,3.5372832051337304e-06,9.22005038589655e-09,0.027183619514677,145.400356991597,985.507999961246,761.496840602013,302892.501338373,2932.01872689158,7308.461158703391
2021-01-30,3.5281006881977006e-06,9.00565277577193e-09,0.025774973357078998,141.854705293052,965.017774549217,746.0726144410719,302904.939568132,2932.7802237321803,7339.863380102891
2021-01-31,3.5191276955280404e-06,8.796587635249971e-09,0.024439323034302997,138.395497682554,944.940827290059,730.9479150819909,302916.790940937,2933.52629634662,7371.26715014905
2021-02-01,3.51035903263983e-06,8.592706503433341e-09,0.023172885907372005,135.02062756916598,925.269186700932,716.117300900047,302928.067674356,2934.25724426171,7402.6724026065
2021-02-02,3.50178964897343e-06,8.39386571477111e-09,0.021972075353518004,131.728039649441,905.995024343708,701.575417831042,302938.781739543,2934.97336156261,7434.079072615121
2021-02-03,3.4934146332722397e-06,8.19992621874281e-09,0.020833490608625,128.515728661309,887.1106525870151,687.31699832278,302948.944865987,2935.67493698044,7465.48709666235
2021-02-05,3.48522920913333e-06,8.01075340724652e-09,0.019753907136038997,125.381738168096,868.6085223924671,673.336860286291,302958.568546182,2936.3622539787602,7496.89641255614
2021-02-06,3.4772287307235395e-06,7.8262169493274e-09,0.018730267494466997,122.32415937197099,850.481221125235,659.629906047408,302967.66404021,2937.03559083905,7528.30695939832
2021-02-07,3.46940867865411e-06,7.64619063290113e-09,0.017759672679093997,119.341129956113,832.721470389073,646.191121299276,302976.242380238,2937.6952207450895,7559.718677558571
2021-02-08,3.4617646560070297e-06,7.47055221314487e-09,0.016839373911415,116.4308329549,815.3221238859129,633.015574056337,302984.314374941,2938.34141186639,7591.131508648821
2021-02-09,3.45429238450698e-06,7.299183267244721e-09,0.015966764854509,113.59149565145901,798.2761653001049,620.098413610315,302991.89061384,2938.9744274404497,7622.545395498191
2021-02-10,3.44698770083256e-06,7.131969055204591e-09,0.015139374231718001,110.821388501915,781.5767062073751,607.4348694886979,302998.98147156,2939.59452585406,7653.96028212838
2021-02-12,3.4398465530610803e-06,6.968798386436249e-09,0.014354858827828,108.11882408569099,765.2169840085389,595.0202504161911,303005.597112016,2940.2019607235497,7685.376113729541
2021-02-14,3.43286499724156e-06,6.80956349186431e-09,0.013610996852933998,105.482156081248,749.1903598880209,582.849943279592,303011.74749252,2940.7969809739598,7716.79283663668
2021-02-15,3.4260391940904e-06,6.65415990129352e-09,0.012905681650174998,102.90977826663901,733.490316797173,570.9194120965129,303017.44236781,2941.37983091724,7748.2103983064
2021-02-16,3.4193654058049e-06,6.50248632579787e-09,0.012236915729548999,100.400123544291,718.110457462413,559.224196988354,303022.69129401,2941.95075032934,7779.62874729419
2021-02-17,3.4128399929897097e-06,6.35444454490355e-09,0.011602805110888001,97.9516629894208,703.044502418151,547.759913157926,303027.503632516,2942.50997452633,7811.04783323213
2021-02-18,3.4064594116917097e-06,6.20993929834842e-09,0.011001553959981,95.5629049215255,688.286288064484,536.522249872061,303031.88855380897,2943.0577344394896,7842.46760680703
2021-02-19,3.40022021053891e-06,6.06887818221204e-09,0.010431459502653,93.23239399839059,673.829764749627,525.506969449584,303035.855041198,2943.5942566893605,7873.88801973895
2021-02-20,3.39411902797916e-06,5.9311715492198094e-09,0.009890907202397,90.95871033206708,659.668994877005,514.70990625495,303039.411894498,2944.1197636588104,7905.30902476021
2021-02-21,3.3881525896147302e-06,5.79673241303467e-09,0.009378366187901,88.7404686262946,645.798151036953,504.12696569786794,303042.567733633,2944.6344735650605,7936.73057559479
2021-02-22,3.3823177056288897e-06,5.6654763563591e-09,0.008892384917521,86.57631733485071,632.211514162957,493.754123239196,303045.33100218,2945.13860053076,7968.152626938109
2021-02-23,3.37661126830093e-06,5.537321442678079e-09,0.008431587068416,84.4649378403218,618.90347171232,483.587423403376,303047.70997084,2945.632354654,7999.575134437199
2021-02-24,3.37103024960603e-06,5.41218813148265e-09,0.007994667638719,82.4050436528049,605.868515871182,473.622978797676,303049.71274085104,2946.1159420773997,8030.9980546713
2021-02-26,3.36557169889673e-06,5.28999919682083e-09,0.0075803892516800005,80.3953796280567,593.101241783776,463.85696913847903,303051.347247331,2946.5895650562,8062.42134513282
2021-02-27,3.3602327406627603e-06,5.170679649030329e-09,0.007187578651337,78.43472120462229,580.596345805798,454.285640284829,303052.621262564,2947.05342202534,8093.84496420865
2021-02-28,3.3550105723662103e-06,5.05415665951418e-09,0.0068151233797819994,76.5218736594848,568.348623781775,444.90530327947306,303053.542399226,2947.5077076656203,8125.26887116188